source_path,augmentation,destination_path,status,note,axes,mask_source_path,mask_destination_path
C:\Users\jds17\OneDrive - UBC\Data_UBC student\Data\2025\Week45 Donor#5\05.AI Fed\Refined\Refined_GCG_Low\Ar10_N19__Ar10_N19_667.tif,orig,image-augmentation\augmented_files\images\Ar10_N19__Ar10_N19_667_orig.tif,written,,QYX,,
C:\Users\jds17\OneDrive - UBC\Data_UBC student\Data\2025\Week45 Donor#5\05.AI Fed\Refined\Refined_GCG_Low\Ar10_N19__Ar10_N19_667.tif,rot90,image-augmentation\augmented_files\images\Ar10_N19__Ar10_N19_667_rot90.tif,written,,QYX,,
C:\Users\jds17\OneDrive - UBC\Data_UBC student\Data\2025\Week45 Donor#5\05.AI Fed\Refined\Refined_GCG_Low\Ar10_N19__Ar10_N19_667.tif,rot180,image-augmentation\augmented_files\images\Ar10_N19__Ar10_N19_667_rot180.tif,written,,QYX,,
C:\Users\jds17\OneDrive - UBC\Data_UBC student\Data\2025\Week45 Donor#5\05.AI Fed\Refined\Refined_GCG_Low\Ar10_N19__Ar10_N19_667.tif,rot270,image-augmentation\augmented_files\images\Ar10_N19__Ar10_N19_667_rot270.tif,written,,QYX,,
C:\Users\jds17\OneDrive - UBC\Data_UBC student\Data\2025\Week45 Donor#5\05.AI Fed\Refined\Refined_GCG_Low\Ar10_N19__Ar10_N19_667.tif,orig_flip_lr,image-augmentation\augmented_files\images\Ar10_N19__Ar10_N19_667_orig_flip_lr.tif,written,,QYX,,
C:\Users\jds17\OneDrive - UBC\Data_UBC student\Data\2025\Week45 Donor#5\05.AI Fed\Refined\Refined_GCG_Low\Ar10_N19__Ar10_N19_667.tif,rot90_flip_lr,image-augmentation\augmented_files\images\Ar10_N19__Ar10_N19_667_rot90_flip_lr.tif,written,,QYX,,
C:\Users\jds17\OneDrive - UBC\Data_UBC student\Data\2025\Week45 Donor#5\05.AI Fed\Refined\Refined_GCG_Low\Ar10_N19__Ar10_N19_667.tif,rot180_flip_lr,image-augmentation\augmented_files\images\Ar10_N19__Ar10_N19_667_rot180_flip_lr.tif,written,,QYX,,
C:\Users\jds17\OneDrive - UBC\Data_UBC student\Data\2025\Week45 Donor#5\05.AI Fed\Refined\Refined_GCG_Low\Ar10_N19__Ar10_N19_667.tif,rot270_flip_lr,image-augmentation\augmented_files\images\Ar10_N19__Ar10_N19_667_rot270_flip_lr.tif,written,,QYX,,
C:\Users\jds17\OneDrive - UBC\Data_UBC student\Data\2025\Week45 Donor#5\05.AI Fed\Refined\Refined_GCG_Low\Ar10_N19__Ar10_N19_667.tif,shift_up_5px,image-augmentation\augmented_files\images\Ar10_N19__Ar10_N19_667_shift_up_5px.tif,written,,QYX,,
C:\Users\jds17\OneDrive - UBC\Data_UBC student\Data\2025\Week45 Donor#5\05.AI Fed\Refined\Refined_GCG_Low\Ar10_N19__Ar10_N19_667.tif,shift_down_5px,image-augmentation\augmented_files\images\Ar10_N19__Ar10_N19_667_shift_down_5px.tif,written,,QYX,,
C:\Users\jds17\OneDrive - UBC\Data_UBC student\Data\2025\Week45 Donor#5\05.AI Fed\Refined\Refined_GCG_Low\Ar10_N19__Ar10_N19_667.tif,shift_left_5px,image-augmentation\augmented_files\images\Ar10_N19__Ar10_N19_667_shift_left_5px.tif,written,,QYX,,
C:\Users\jds17\OneDrive - UBC\Data_UBC student\Data\2025\Week45 Donor#5\05.AI Fed\Refined\Refined_GCG_Low\Ar10_N19__Ar10_N19_667.tif,shift_right_5px,image-augmentation\augmented_files\images\Ar10_N19__Ar10_N19_667_shift_right_5px.tif,written,,QYX,,
